Customer Type,Salutation,First Name,Last Name,Company Name,Customer Display Name,Customer Email,Work Phone,Mobile,DOB,Card Number,PAN,Currency,Opening Balance,Department,Designation,Website URL,Tax Type,GST Treatment,GSTIN/UIN,Place Of Supply,Business Legal Name,Business Trade Name,VAT Number,Billing Attention,Billing Country,Billing AddressLine1,Billing AddressLine2,Billing City,Billing State,Billing PinCode,Billing Phone,Billing FaxNumber,Shipping Attention,Shipping Country,Shipping AddressLine1,Shipping AddressLine2,Shipping City,Shipping State,Shipping PinCode,Shipping Phone,Shipping FaxNumber,Remark
Individual,Mr.,Shlok,Subramanian,Yogi-Chaudry,Tara Chhabra,luthradarshit@gmail.com,9374359136,916114463441,Thu Mar 20 1980 05:30:00 GMT+0530 (India Standard Time),36157473290373,MZNSz44198,INR,34302.64,Aeronautical engineer,Mental health nurse,[object Object],None,Consumer,hf6e3f0v1H1M5x,Manipur,Jain and Sons,Inc,VAT44490252,Yakshit Kalla,India,India,India,Pudukkottai,Manipur,183423,910460552767,916764043790,Yuvaan Bhalla,India,India,India,Dharmavaram,Manipur,211386,915493625894,6267609448,Maxime eligendi consectetur reiciendis.
Individual,Mr.,Baiju,Badal,Shere and Sons,Taimur Devan,kothariivana@yahoo.com,3811824804,2936886803,Mon Sep 30 1996 05:30:00 GMT+0530 (India Standard Time),4527899497790460,zBCuI05086,AED,2163.88,Scientist water quality,Stage manager,[object Object],GST,Registered Business,CH7P4u8Y1K0m5x,Umm Al Quwain,Ramakrishnan-Gola,and Sons,VAT81993240,Jayesh Shroff,United Arab Emirates,United Arab Emirates,United Arab Emirates,Bulandshahr,Umm Al-Quwain,376475,2569584903,5858769859,Ryan Kannan,United Arab Emirates,United Arab Emirates,United Arab Emirates,Panipat,Umm Al-Quwain,878622,862083925,919254872338,Voluptates similique enim.
Business,Mr.,Vidur,Thakkar,Mandal Thaman and Jani,Faiyaz Bansal,kismatbanerjee@gour.net,916244559551,9162957311,Wed Apr 15 1981 05:30:00 GMT+0530 (India Standard Time),6011677421458901,sHARA81991,AED,30949.64,Osteopath,Community pharmacist,[object Object],GST,Unregistered Business,pA3w6V9K6X8J6y,Sharjah,Khare and Sons,Group,VAT18463702,Saanvi Bala,United Arab Emirates,United Arab Emirates,United Arab Emirates,Guntur,Sharjah,172762,9148120019,3035205267,Manjari Aggarwal,United Arab Emirates,United Arab Emirates,United Arab Emirates,Allahabad,Sharjah,571081,156550642,9899505594,Odio explicabo placeat.
Business,Mr.,Umang,Bhatia,Zacharia LLC,Misha Dutt,vaibhav47@dora.com,912355564802,916873021260,Fri Jan 08 1999 05:30:00 GMT+0530 (India Standard Time),4339639849952402,uosxA70384,AED,27685.62,Corporate treasurer,Psychologist clinical,[object Object],VAT,Consumer,jB7K7e6r9g3E8q,Dubai,Rama-Krishna,PLC,VAT79116920,Samarth Wagle,United Arab Emirates,United Arab Emirates,United Arab Emirates,Gurgaon,Dubai,531757,911662692566,3675620345,Veer Ahuja,United Arab Emirates,United Arab Emirates,United Arab Emirates,Kadapa,Dubai,600278,3287890103,9705643753,Voluptatibus adipisci consectetur nam laboriosam.
Business,Mr.,Purab,Korpal,Kala Bassi and Mahajan,Mamooty Yogi,salviumang@goda-sethi.org,913924891703,2267845112,Wed Jun 08 1988 05:30:00 GMT+0530 (India Standard Time),6011081754955726,zjddm28497,AED,25336.56,Archivist,Pathologist,[object Object],None,Consumer,bS2i2s4V8f0W2T,Ras Al Khaimah,Chakrabarti Inc,LLC,VAT44287773,Reyansh Mall,United Arab Emirates,United Arab Emirates,United Arab Emirates,Muzaffarpur,Ras Al Khaimah,159050,8587106744,916141774,Akarsh Karpe,United Arab Emirates,United Arab Emirates,United Arab Emirates,Amravati,Ras Al Khaimah,219507,918787084264,2159451618,Quis nemo ab dolore perferendis.
Business,Mr.,Kabir,Konda,Sur Dass and Bhalla,Samar Dasgupta,qsoman@yahoo.com,1827690500,912039458054,Thu Apr 27 2000 05:30:00 GMT+0530 (India Standard Time),180000941025035,nLQOR70959,AED,2941.21,Surveyor planning and development,Teacher music,[object Object],GST,Overseas,jX9G5d8x9o3g1J,Dubai,Bhattacharyya-Bath,PLC,VAT61661562,Rohan Garg,United Arab Emirates,United Arab Emirates,United Arab Emirates,Tirunelveli,Dubai,159290,915166652623,5356274302,Kismat Ramaswamy,United Arab Emirates,United Arab Emirates,United Arab Emirates,Shimla,Dubai,776351,9533606646,1858718736,A praesentium veritatis illum culpa labore.
Business,Mr.,Tiya,Thaman,Luthra and Sons,Aarna Dua,mannonkar@yahoo.com,919962832780,1160652476,Thu Apr 18 1968 05:30:00 GMT+0530 (India Standard Time),343199062974478,drfEU40163,AED,22951.4,Engineer electrical,Public relations account executive,[object Object],VAT,Registered Business,iE0J1A9Z8v5E4n,Dubai,Roy-Varty,Ltd,VAT01675439,Heer Bassi,United Arab Emirates,United Arab Emirates,United Arab Emirates,Morena,Dubai,231516,5505043095,913996447592,Adira Raman,United Arab Emirates,United Arab Emirates,United Arab Emirates,Delhi,Dubai,392873,915296142485,913898837508,Nisi neque sed sunt. Nemo quam veniam.
Individual,Mr.,Elakshi,Sama,Verma and Sons,Zeeshan Sidhu,vivaan96@upadhyay.net,2132082425,913308493665,Mon Aug 09 1993 05:30:00 GMT+0530 (India Standard Time),376397810019196,viVDm74741,INR,11652.01,Equality and diversity officer,Production assistant radio,[object Object],None,Overseas,lP7k6B3m1j8B8O,Maharashtra,Bath Sabharwal and Sampath,Group,VAT28794686,Kashvi Kurian,India,India,India,Malda,Maharashtra,382357,910167618484,916185591909,Dishani Rajagopal,India,India,India,Bhopal,Maharashtra,470897,8463679056,7304395525,Ratione fuga inventore iure.
Individual,Mr.,Aaryahi,Walla,Sankaran Shah and Bhat,Reyansh Ramachandran,sana86@yahoo.com,9895094395,413221358,Wed Apr 17 2002 05:30:00 GMT+0530 (India Standard Time),180082967685934,WHcxq89310,INR,22700.4,IT trainer,Water quality scientist,[object Object],GST,Registered Business,Ly4C7Q9g9D5N7n,Tripura,Sidhu-Soni,Inc,VAT36299458,Ira Manne,India,India,India,Tinsukia,Tripura,967697,1427366068,6375833797,Kimaya Batra,India,India,India,Mangalore,Tripura,393725,567189037,911352744029,Quasi a dicta commodi alias amet.
Individual,Mr.,Ojas,Magar,Shenoy Dasgupta and Kota,Kavya Chaudry,azadswamy@chaudry-venkataraman.org,8713543142,9872226562,Wed Sep 16 1981 05:30:00 GMT+0530 (India Standard Time),213188746533724,nGqQY82937,AED,42558.33,Theme park manager,Exhibition designer,[object Object],None,Registered Business,gk2n0V2S3a8s8J,Ajman,Singh Arya and Bala,and Sons,VAT83450117,Myra Rastogi,United Arab Emirates,United Arab Emirates,United Arab Emirates,Hyderabad,Ajman,819775,9040215137,914917920377,Oorja Ratti,United Arab Emirates,United Arab Emirates,United Arab Emirates,Alwar,Ajman,326417,918891418789,7413674137,Tempore enim voluptas ipsa.
Individual,Mr.,Anahita,Dube,Som Kakar and Sur,Yasmin Som,aaina34@hotmail.com,9104785006,7082807501,Fri Jun 17 1977 05:30:00 GMT+0530 (India Standard Time),4145896789027110000,sAkyV10376,AED,40406.88,Accountant chartered public finance,Solicitor,[object Object],VAT,Consumer,hM0U7z5J6Z6r0c,Abu Dhabi,Kala-Kala,PLC,VAT36418665,Sahil Suri,United Arab Emirates,United Arab Emirates,United Arab Emirates,Eluru,Abu Dhabi,879775,911409521353,3917973475,Priyansh Brahmbhatt,United Arab Emirates,United Arab Emirates,United Arab Emirates,Vadodara,Abu Dhabi,687120,8034076302,911014654064,Nam deleniti optio vero quia dicta recusandae.
Business,Mr.,Ishaan,Dar,Agrawal-Wason,Tanya Devan,aniruddh79@saha.com,4660926884,913752636387,Tue Jul 20 1982 05:30:00 GMT+0530 (India Standard Time),2251246785487258,XcRrB86709,INR,9752.3,Barista,Chartered legal executive (England and Wales),[object Object],None,Consumer,UG2I6B1o6G0h2U,Punjab,Chawla-Khalsa,and Sons,VAT86474796,Gokul Saran,India,India,India,Ichalkaranji,Punjab,751639,4660254012,7627777562,Saksham Bansal,India,India,India,Amritsar,Punjab,367179,724141768,8986870894,Aliquid deserunt sapiente explicabo at fugit.
Business,Mr.,Vaibhav,Srinivasan,Krishnan-Varghese,Krish Bhat,talwarneelofar@som-sastry.com,917519507647,4401933536,Sun Sep 07 1986 05:30:00 GMT+0530 (India Standard Time),4661922729656318000,LHajf80571,INR,30596.76,Furniture designer,Therapist art,[object Object],None,Overseas,yR9b6G7m4O5L9u,Odisha,Walia LLC,Inc,VAT14198828,Riya Kota,India,India,India,Bulandshahr,Odisha,251472,5259264764,912525472599,Heer Sahota,India,India,India,Durgapur,Odisha,39975,4711324166,916663027325,Ab alias illo dolor neque.
Individual,Mr.,Aaryahi,D’Alia,Dhar Group,Stuvan Shetty,oarora@hotmail.com,913933330360,4035399103,Sun Jan 26 1964 05:30:00 GMT+0530 (India Standard Time),30031378691223,xHYbs78032,INR,1914.89,Secondary school teacher,Personnel officer,[object Object],GST,Registered Business,EO1Y6o9K4p5j3W,Jharkhand,Rout Sarna and Atwal,Ltd,VAT89906137,Mannat Zacharia,India,India,India,Thanjavur,Jharkhand,318499,910183240884,8826151395,Nishith Shukla,India,India,India,Srikakulam,Jharkhand,903256,2864205349,919327145701,Quas distinctio qui possimus quod repudiandae.
Business,Mr.,Lagan,Gaba,Ghosh Choudhury and Dhar,Vedika Jha,harya@sha.com,4039315776,5500428734,Tue Apr 19 1966 05:30:00 GMT+0530 (India Standard Time),6512874466269343,TdUXO56781,INR,37972.64,Therapist sports,Designer multimedia,[object Object],GST,Unregistered Business,Cv4Q8E0v1W8d8F,Kerala,Golla Ltd,Group,VAT80542034,Sahil Bumb,India,India,India,Bhimavaram,Kerala,24772,5611265551,6311527918,Tara Tak,India,India,India,Nellore,Kerala,990269,7826111870,913015106710,Aperiam quibusdam sunt harum sed incidunt ea.
Individual,Mr.,Amira,Khare,Ray Inc,Alisha Goswami,dharmajan40@zachariah.org,5098914205,919302085413,Thu Aug 29 1974 05:30:00 GMT+0530 (India Standard Time),6011105173219669,QZnjV03400,INR,34580.72,Fitness centre manager,Secretary Business,[object Object],GST,Consumer,rb3w9i8Q6r5z9n,Arunachal Pradesh,Din Wagle and Kurian,and Sons,VAT46037642,Madhav Rana,India,India,India,Buxar,Arunachal Pradesh,252552,4821059574,4204119261,Arnav Saran,India,India,India,Haridwar,Arunachal Pradesh,970464,2573465699,4859286735,Atque odio sit minima necessitatibus.
Business,Mr.,Anaya,Barad,Sant PLC,Misha Balan,aarav59@gmail.com,914048070755,6810548546,Sun Jun 12 1977 05:30:00 GMT+0530 (India Standard Time),2278071850919327,vANDm29289,AED,1224.8,Bonds trader,Scientist marine,[object Object],GST,Registered Business,KF9M0m3j1c5S0W,Umm Al Quwain,Setty Group,Ltd,VAT08093723,Indrans Buch,United Arab Emirates,United Arab Emirates,United Arab Emirates,Nashik,Umm Al Quwain,946433,911592166683,2471342198,Divit Vig,United Arab Emirates,United Arab Emirates,United Arab Emirates,Erode,Umm Al Quwain,264757,918365900510,2924264144,Nobis ea unde doloremque alias omnis fugiat.
Individual,Mr.,Pranay,Soni,Yadav Dubey and Setty,Charvi Batta,ishitagoel@basak.org,911091217951,911306741207,Wed Sep 06 2000 05:30:00 GMT+0530 (India Standard Time),180076324246596,mqnkG07967,AED,4300.82,Broadcast journalist,Special effects artist,[object Object],VAT,Unregistered Business,LJ5i8d9a2p0g4G,Fujairah,Shenoy Inc,and Sons,VAT61828569,Gokul Bhatnagar,United Arab Emirates,United Arab Emirates,United Arab Emirates,Ramagundam,Fujairah,587550,915952949074,4739163032,Miraya Mani,United Arab Emirates,United Arab Emirates,United Arab Emirates,Gaya,Fujairah,121141,2613517361,917984246307,Itaque asperiores cumque sed autem quas tenetur.
Business,Mr.,Suhana,Manda,Krish LLC,Hiran Kapur,jrajagopalan@sarma-ravel.org,910508685261,915013550237,Sun Mar 18 1956 05:30:00 GMT+0530 (India Standard Time),3542415926582445,cHhlR15909,AED,2782.04,Psychologist forensic,Financial manager,[object Object],None,Registered Business,ES5a9q2O6l5r5l,Ajman,Kari-Bose,Group,VAT26525666,Vritika Gade,United Arab Emirates,United Arab Emirates,United Arab Emirates,Vasai-Virar,Ajman,934282,917373289502,9015206651,Vihaan Guha,United Arab Emirates,United Arab Emirates,United Arab Emirates,Srinagar,Ajman,201658,8249280133,7555416413,Quod architecto ipsum quibusdam.
Individual,Mrs.,Ahana ,Loke,Shenoy Ltd,Nitya Kibe,bhasinhiran@khare-sarkar.com,8703631112,912767882376,Tue Feb 14 1995 05:30:00 GMT+0530 (India Standard Time),4313516979205777000,wXlLV80248,AED,3798.15,Broadcast journalist,Clinical research associate,[object Object],VAT,Consumer,uO5w0F1e1s4a5p,Umm Al Quwain,Wadhwa-Ben,PLC,VAT97758923,Kaira Vasa,United Arab Emirates,United Arab Emirates,United Arab Emirates,Ambala,Umm Al Quwain,403369,2826820746,914377835198,Shamik Gade,United Arab Emirates,United Arab Emirates,United Arab Emirates,Sangli-Miraj & Kupwad,Umm Al Quwain,862739,918811411506,9688287540,Odio deleniti quaerat animi laboriosam nulla.
Individual,Mrs.,Sahil,Vaidya,Lall Dada and Goel,Hiran Gupta,ojani@gmail.com,5090354198,2162101675,Tue May 29 1962 05:30:00 GMT+0530 (India Standard Time),3509455311554014,ygnpb04473,AED,46803.58,Glass blower/designer,Designer textile,[object Object],GST,Registered Business,lD7I6v8s1n6Y3G,Sharjah,Srivastava and Sons,Ltd,VAT20152680,Mannat Dora,United Arab Emirates,United Arab Emirates,United Arab Emirates,Barasat,Sharjah,393895,917992314070,8147070490,Shamik Date,United Arab Emirates,United Arab Emirates,United Arab Emirates,Dhanbad,Sharjah,558090,9535284355,919688279603,Cum nostrum inventore enim architecto.
Business,Mrs.,Reyansh,Bera,Bhardwaj Dubey and Bir,Advika Sampath,akarshbhatia@som.com,6001810088,9381452182,Wed Jan 17 1979 05:30:00 GMT+0530 (India Standard Time),563619408005,RHbGk67467,INR,28139.44,Clinical biochemist,Energy engineer,[object Object],None,Consumer,FM2q7X0o8R5Q9r,Tripura,Acharya-Golla,Group,VAT25904482,Ela Jhaveri,India,India,India,Etawah,Tripura,718239,4129683701,4514483899,Vedika Sachdev,India,India,India,Jamalpur,Tripura,494402,918018433777,6490962086,Ipsam minus consequatur delectus.
Individual,Mrs.,Saira,Chakrabarti,Batra-Vora,Kaira Sanghvi,hridaan82@ganesh.com,4492346321,5645586685,Fri Mar 24 1967 05:30:00 GMT+0530 (India Standard Time),4471876958831814000,WtcOf80604,INR,2591.91,Agricultural consultant,Therapist speech and language,[object Object],GST,Unregistered Business,lz8Y0P8N0c7k0o,Manipur,Dubey Sani and Lalla,Group,VAT98895693,Raunak Bail,India,India,India,Madhyamgram,Manipur,483994,876243071,910242920054,Charvi Seth,India,India,India,Hazaribagh,Manipur,710255,5810787009,6442101307,Sequi eveniet doloribus alias.
Business,Mrs.,Jivika,Kalla,Bedi-Kade,Dhruv Rajagopal,nirvidave@gmail.com,3704936790,914415399624,Mon Nov 25 2002 05:30:00 GMT+0530 (India Standard Time),6011059592108724,XCZAc80133,AED,14445.5,Teacher secondary school,Event organiser,[object Object],GST,Consumer,He0U4J5x5M3r3q,Abu Dhabi,Bhat-Lata,LLC,VAT52290695,Manikya Dara,United Arab Emirates,United Arab Emirates,United Arab Emirates,Ludhiana,Abu Dhabi,952103,917059870911,3571070905,Onkar Hegde,United Arab Emirates,United Arab Emirates,United Arab Emirates,Tumkur,Abu Dhabi,966817,482662550,1498485064,Nihil voluptates sunt sunt accusantium fuga.
Individual,Mrs.,Vedika,Kannan,Tailor Inc,Reyansh Thakur,lagan03@yahoo.com,1201893911,2908743244,Mon Apr 02 1984 05:30:00 GMT+0530 (India Standard Time),2255895061141512,Meuwg30975,AED,27432.89,Graphic designer,Artist,[object Object],GST,Registered Business,GZ8a2j9n0x0M0a,Sharjah,Shukla Anand and Khurana,Ltd,VAT58611214,Arnav Manda,United Arab Emirates,United Arab Emirates,United Arab Emirates,Parbhani,Sharjah,804809,3358926276,2253845075,Keya Srinivas,United Arab Emirates,United Arab Emirates,United Arab Emirates,Uluberia,Sharjah,846958,918444807525,2075942995,Aperiam minima iste laborum omnis earum.
Individual,Mrs.,Ayesha,Bawa,Kuruvilla Ltd,Zoya Rajagopal,jayaramanmohanlal@yahoo.com,1388694108,279239523,Sun Jan 30 1966 05:30:00 GMT+0530 (India Standard Time),4686519139341,HUlWP08036,INR,38021.94,Therapist music,Research scientist (life sciences),[object Object],VAT,Registered Business,RT6y0V8o6S6f5C,Arunachal Pradesh,Sura and Sons,PLC,VAT08226205,Vivaan Sule,India,India,India,Shahjahanpur,Arunachal Pradesh,491789,1687423855,7864595480,Nishith Amble,India,India,India,Nagpur,Arunachal Pradesh,587091,5053635348,3532931852,Corporis doloremque placeat tempore odit impedit.
Business,Mrs.,Hrishita,Yogi,Sahota Garg and Sachar,Shamik Kade,zshah@chaudhary.com,6000312691,910982223534,Thu Jul 29 1999 05:30:00 GMT+0530 (India Standard Time),676391436927,XBlDK68569,INR,13527.08,Administrator sports,Petroleum engineer,[object Object],None,Unregistered Business,dd7o9u7p4l0M2D,Maharashtra,Doshi Thaker and Gupta,Inc,VAT15350574,Aarna Lal,India,India,India,Khandwa,Maharashtra,645362,919759680856,914487742125,Bhamini Ganguly,India,India,India,Latur,Maharashtra,893897,4692902418,916354339302,Reprehenderit soluta facere officiis cum error.
Business,Mrs.,Rohan,Tank,Dhillon Inc,Elakshi Bath,siyachaudhary@gmail.com,125634608,1293594513,Sat Jan 07 2006 05:30:00 GMT+0530 (India Standard Time),4190228169790449000,XCsMU59469,INR,46334.61,Osteopath,Librarian public,[object Object],VAT,Consumer,Hr3J1I4V6q9D1U,Manipur,Rajagopalan Inc,Ltd,VAT46164697,Ojas Thaker,India,India,India,Chinsurah,Manipur,707147,8714721331,2437399232,Rohan Jha,India,India,India,Mira-Bhayandar,Manipur,926861,181067347,911798773479,Dolores quidem eius sed consequuntur.
Individual,Mrs.,Dhanuk,Keer,Char Som and Rao,Trisha Anne,reyansh66@tandon.com,7648837369,915083339995,Tue Jun 11 1974 05:30:00 GMT+0530 (India Standard Time),4627263930990956,paqvo64970,AED,45849.74,Clinical embryologist,Sports administrator,[object Object],None,Consumer,hK2n2P3G0S0D9N,Ras Al Khaimah,Dutt and Sons,Group,VAT82942250,Shalv Lal,United Arab Emirates,United Arab Emirates,United Arab Emirates,Sagar,Ras Al Khaimah,298989,911774588840,6407851270,Darshit Agrawal,United Arab Emirates,United Arab Emirates,United Arab Emirates,Burhanpur,Ras Al Khaimah,984265,892794863,911143283054,Cumque ipsa earum magnam recusandae est et.
Individual,Mrs.,Zara,Chokshi,Srinivas Desai and Banerjee,Nayantara Kamdar,trivedifarhan@yahoo.com,913976189136,1703824682,Sun May 17 1959 05:30:00 GMT+0530 (India Standard Time),6582723596965400,cDloO23834,INR,33271.85,Neurosurgeon,Recycling officer,[object Object],None,Unregistered Business,DR2c8g1c5Q5R4Y,Maharashtra,Chowdhury and Sons,and Sons,VAT08970939,Taran Bhakta,India,India,India,Dibrugarh,Maharashtra,416752,520283346,916985414225,Arhaan Dasgupta,India,India,India,Bhagalpur,Maharashtra,944691,916048391841,7567244800,Tempore nesciunt ea temporibus ut odit.
Individual,Mrs.,Taimur,Sarma,Kant Bawa and Bhakta,Anahi Hans,yuvaanhalder@bal.com,912691568222,7962107404,Fri Feb 16 1996 05:30:00 GMT+0530 (India Standard Time),180011604536952,iZGtA94933,INR,2655.74,Engineer drilling,Landscape architect,[object Object],GST,Unregistered Business,SG4A3r6W7t1f8M,Manipur,Varkey-Khurana,Ltd,VAT31580074,Devansh Upadhyay,India,India,India,Narasaraopet,Manipur,437002,6575036700,4905275802,Nehmat Manne,India,India,India,Aurangabad,Manipur,969725,2909537420,914922169714,Non aspernatur distinctio corrupti officiis illo.
Business,Mrs.,Vidur,Mangat,Gopal Gulati and Uppal,Farhan Savant,hirankalita@ram.com,9157816341,3271531336,Wed Sep 06 2000 05:30:00 GMT+0530 (India Standard Time),3540095883634330,jrTIl15507,AED,3866.82,Secretary Business,Radiographer therapeutic,[object Object],VAT,Overseas,rZ7d3g3K2u4x4w,Sharjah,Sura-Barad,Inc,VAT73635783,Eshani Kant,United Arab Emirates,United Arab Emirates,United Arab Emirates,Ambarnath,Sharjah,163925,913947478140,914057801735,Myra Garde,United Arab Emirates,United Arab Emirates,United Arab Emirates,Jalgaon,Sharjah,526772,1796006805,912177012610,Omnis veniam minima.
Individual,Mrs.,Aaryahi,Chacko,Ramesh Tripathi and Sarna,Ojas Sule,tsamra@sachdeva.net,916272963073,912398806710,Sun Mar 03 1996 05:30:00 GMT+0530 (India Standard Time),379066939483297,GFYme48863,INR,6393.1,Television/film/video producer,Geochemist,[object Object],None,Overseas,Ss8n4U6y3l1Y4z,Haryana,Chanda Dube and Gour,PLC,VAT75066411,Badal Kannan,India,India,India,Ludhiana,Haryana,621815,5388869631,5316048367,Nakul Din,India,India,India,Korba,Haryana,660069,2531273631,5855515728,Blanditiis amet laboriosam rerum.
Business,Mrs.,Veer,Tailor,Walia-Bumb,Jiya Swaminathan,jainritvik@bhagat.com,5673817525,6171424639,Tue Apr 17 1979 05:30:00 GMT+0530 (India Standard Time),3568043675631723,IzrZw92666,INR,39531.68,Writer,Regulatory affairs officer,[object Object],None,Unregistered Business,tO6p3R1d5U6X3A,Mizoram,Khare and Sons,LLC,VAT87439795,Badal Tailor,India,India,India,Coimbatore,Mizoram,126895,4807367807,919527490716,Trisha Sen,India,India,India,Raichur,Mizoram,327856,2477439879,5727194380,Earum accusantium cupiditate facilis.
Business,Mrs.,Vaibhav,Goda,Sarma and Sons,Manikya Rajagopalan,vanyadivan@hotmail.com,919026736176,6195303207,Fri Aug 22 1969 05:30:00 GMT+0530 (India Standard Time),3573742205771882,cpUgF65818,INR,36542.8,Engineer aeronautical,Engineer water,[object Object],VAT,Consumer,SW2K6c8E3k8O5S,Tamil Nadu,Kala Ltd,LLC,VAT80929283,Renee Tata,India,India,India,Unnao,Tamil Nadu,240039,2986591522,6822253989,Ira Shetty,India,India,India,Hajipur,Tamil Nadu,353410,5661888990,4101337645,Doloribus quod similique nam quisquam quas.
Business,Mrs.,Azad,Aurora,Mahajan-Kothari,Aniruddh Ganesan,anahita42@uppal.com,116621742,1521975931,Mon Jun 15 1981 05:30:00 GMT+0530 (India Standard Time),3569882763394747,DogGr77607,AED,15091.29,Proofreader,IT consultant,[object Object],None,Registered Business,Hj8E8F9J8Z0I4y,Abu Dhabi,Kata Gade and Dua,LLC,VAT78900275,Sana Khurana,United Arab Emirates,United Arab Emirates,United Arab Emirates,Gudivada,Abu Dhabi,40211,917038478434,7032138142,Anay Contractor,United Arab Emirates,United Arab Emirates,United Arab Emirates,Siliguri,Abu Dhabi,777779,9311708164,9362893509,Doloribus esse culpa corporis.
Business,Mrs.,Indranil,Ghosh,Ben-Das,Sahil Butala,samarth17@ranganathan.net,915274766039,7294211948,Wed Dec 04 1963 05:30:00 GMT+0530 (India Standard Time),3572493514924728,nRgxH05117,AED,35053.19,Associate Professor,Pension scheme manager,[object Object],VAT,Registered Business,pz3O2b2j0e2J5o,Fujairah,Gade-Buch,and Sons,VAT99541716,Shaan Bhandari,United Arab Emirates,United Arab Emirates,United Arab Emirates,Panvel,Fujairah,467608,9790162605,3059659660,Ira Sawhney,United Arab Emirates,United Arab Emirates,United Arab Emirates,Berhampur,Fujairah,265258,8237483796,4771491985,Dicta non repellendus recusandae cum doloremque.
Business,Mrs.,Pihu,Gara,Hora Ltd,Mohanlal Swaminathan,faiyaz25@yahoo.com,1881579017,7991964504,Mon Jan 05 1970 05:30:00 GMT+0530 (India Standard Time),501869690435,Uwmpk78026,INR,22038.16,Development worker community,Risk analyst,[object Object],GST,Unregistered Business,Sr7t9x3D5n9o4A,Telangana,Kalla Group,Inc,VAT86550291,Zaina Kar,India,India,India,Ambattur,Telangana,207253,1455298376,1335032317,Mamooty Virk,India,India,India,Singrauli,Telangana,793546,2166560459,7252216414,Fugit vero doloribus sit.
Individual,Mrs.,Aarav,Thakkar,Rama-Butala,Ishaan Deo,emirverma@wagle.com,915836377827,5727993933,Wed Jan 02 1963 05:30:00 GMT+0530 (India Standard Time),30150316874269,fHirI85284,INR,36817.97,Press sub,Patent examiner,[object Object],GST,Overseas,cW2K9g6Y6x3J0k,Uttarakhand,Dada Inc,Ltd,VAT39936065,Seher Kalla,India,India,India,Kirari Suleman Nagar,Uttarakhand,840702,3609856884,8777319709,Raghav Ratta,India,India,India,Allahabad,Uttarakhand,184884,124136031,910645491659,Dicta recusandae tenetur inventore cum.
Individual,Miss.,Vardaniya,Bajaj,Goswami PLC,Zoya Dhillon,sunderaaina@dixit.net,156298996,4512967216,Thu Feb 09 2006 05:30:00 GMT+0530 (India Standard Time),371722220384382,KjYvQ69316,AED,37995.59,Fish farm manager,Environmental manager,[object Object],VAT,Consumer,jd6N3w9b1g5t5m,Umm Al Quwain,Joshi Bir and Sarkar,LLC,VAT41716409,Jhanvi Sha,United Arab Emirates,United Arab Emirates,United Arab Emirates,Durgapur,Umm Al Quwain,332733,911109111189,911829475808,Raghav Sood,United Arab Emirates,United Arab Emirates,United Arab Emirates,Patiala,Umm Al Quwain,757599,593707276,3901883720,Dolorum possimus consectetur.
Individual,Miss.,Mehul,Ray,Walia-Sheth,Vritika Tella,gwalia@goyal.com,1301183491,9689733973,Sun May 14 1972 05:30:00 GMT+0530 (India Standard Time),3549865847121736,unqAt84659,AED,4891.35,Chief Technology Officer,Chartered loss adjuster,[object Object],GST,Consumer,pC9t4P8y9h8t3R,Sharjah,Gera-Raju,Ltd,VAT88051270,Myra Bail,United Arab Emirates,United Arab Emirates,United Arab Emirates,Firozabad,Sharjah,679361,7695768805,5127814992,Ayesha Madan,United Arab Emirates,United Arab Emirates,United Arab Emirates,Orai,Sharjah,348669,916380013567,7076320455,Eaque eos eveniet soluta dolores.
Business,Miss.,Eshani,Bumb,Dutta Joshi and Singh,Biju Ganesan,hreddy@maharaj.com,912307025566,647673063,Fri May 10 1968 05:30:00 GMT+0530 (India Standard Time),213194992280929,PPutG05837,AED,37345.64,Retail buyer,Television production assistant,[object Object],GST,Registered Business,qK7c6R0g6q3I1q,Abu Dhabi,Tank-Sarma,LLC,VAT81458484,Mannat Dua,United Arab Emirates,United Arab Emirates,United Arab Emirates,Chennai,Abu Dhabi,238432,6332228117,911006449360,Shalv Buch,United Arab Emirates,United Arab Emirates,United Arab Emirates,Bhiwandi,Abu Dhabi,32221,4688248421,917101026943,Ut perspiciatis culpa consequatur.
Individual,Miss.,Amani,Kala,Dey Choudhary and Dani,Inaaya  Gandhi,bhandarianya@yahoo.com,911873852578,3341439498,Mon Oct 24 1994 05:30:00 GMT+0530 (India Standard Time),675969436327,JpwbE15529,INR,36832.39,Surveyor land/geomatics,Arts development officer,[object Object],None,Registered Business,VQ4B5x5j6R4B4g,Assam,Sundaram-Chakrabarti,PLC,VAT18320494,Vanya Jayaraman,India,India,India,Bhind,Assam,486494,6550935813,8192936125,Nehmat Lata,India,India,India,Jabalpur,Assam,822096,8526710612,910867237522,Impedit labore praesentium quo.
Individual,Miss.,Amani,Sur,Char Hora and Rama,Divij Bala,yvarughese@agrawal.com,124119386,338117150,Sat Sep 17 1966 05:30:00 GMT+0530 (India Standard Time),342821165610888,JmxeM18359,INR,3536.82,Administrator charities/voluntary organisations,Optometrist,[object Object],None,Overseas,JI7N1Y0t3B8E4L,Bihar,Bava Bal and Choudhury,PLC,VAT52431377,Neysa Shere,India,India,India,Berhampore,Bihar,306551,1069174739,658422086,Sahil Wadhwa,India,India,India,Mau,Bihar,184380,74758405,8622738364,Doloremque rem veniam aliquam facilis magni in.
Individual,Miss.,Tara,Hari,Dora Inc,Zain Dugar,samar77@hotmail.com,6225067243,537188551,Wed Apr 08 1992 05:30:00 GMT+0530 (India Standard Time),3584824806424959,dRJQq57197,INR,28019.42,Trade mark attorney,Health and safety adviser,[object Object],VAT,Registered Business,gA6y4L7E7p2S2m,Manipur,Sane LLC,Inc,VAT97078818,Seher Batra,India,India,India,Amroha,Manipur,257189,911149117854,6940946116,Jayesh Bajwa,India,India,India,Jalandhar,Manipur,121994,7410987539,916622708215,Consequuntur aliquam facere.
Individual,Miss.,Samaira,Manne,Koshy-Kamdar,Tejas Shan,sahotajayant@agrawal.com,780342221,917451520234,Fri Mar 15 1963 05:30:00 GMT+0530 (India Standard Time),3582056678983877,xtnUE91824,INR,30971.31,Exhibition designer,Adult nurse,[object Object],VAT,Overseas,Py9t9j4s5y5L6Y,Bihar,Mand-Mand,LLC,VAT44938002,Uthkarsh Shan,India,India,India,Ambala,Bihar,397305,1308410562,910079418112,Yasmin Kumar,India,India,India,Madurai,Bihar,62221,6224711495,794665098,At temporibus deserunt pariatur sint.
Business,Miss.,Ojas,Gopal,Jaggi-Anand,Biju Som,reneewali@gmail.com,3712131635,913348869051,Wed May 23 1962 05:30:00 GMT+0530 (India Standard Time),3537905043433438,oilnY98056,AED,2551.19,Theatre director,Civil Service fast streamer,[object Object],None,Registered Business,EA3w9w5k7E9P1n,Fujairah,Bir LLC,LLC,VAT89132889,Divit Atwal,United Arab Emirates,United Arab Emirates,United Arab Emirates,Eluru,Fujairah,244065,1847132446,9129635627,Ivan Bajaj,United Arab Emirates,United Arab Emirates,United Arab Emirates,Varanasi,Fujairah,157625,915408904645,910762849832,Nemo voluptas maxime.
Individual,Miss.,Kimaya,Walla,Karpe-Dixit,Sara Dani,shalvgandhi@varughese.org,5071284935,911526520462,Thu Aug 28 1958 05:30:00 GMT+0530 (India Standard Time),639083700976,kFJos74711,AED,36120.28,Accountant chartered certified,Higher education lecturer,[object Object],VAT,Consumer,HM3H3W7Z3n8t2l,Ras Al Khaimah,Agarwal Ltd,and Sons,VAT30775329,Romil Swamy,United Arab Emirates,United Arab Emirates,United Arab Emirates,Visakhapatnam,Ras Al Khaimah,333061,9047526936,918511611632,Dhanuk Sundaram,United Arab Emirates,United Arab Emirates,United Arab Emirates,Alappuzha,Ras Al Khaimah,136585,2582985456,9963807560,Iste dolor dolorem.
Business,Miss.,Pihu,Dixit,Keer LLC,Hridaan Ahluwalia,shalv62@venkataraman.com,8658213960,910181982928,Fri Jul 02 2004 05:30:00 GMT+0530 (India Standard Time),676181821239,YyGzd10988,INR,16030.42,Sound technician broadcasting/film/video,Arboriculturist,[object Object],GST,Registered Business,dK7f6s8w2W7i4v,Assam,Saraf Thakkar and Guha,Ltd,VAT74340851,Sahil Bajwa,India,India,India,Eluru,Assam,761603,7019213685,9084561846,Rati Choudhury,India,India,India,Mysore,Assam,467995,7551979904,6406617177,Magnam facere doloremque repellendus cum.
Individual,Miss.,Stuvan,Yohannan,Hari Tella and Vohra,Kiaan Sidhu,ysachdev@hotmail.com,680013134,4321469451,Sat Jul 07 1990 05:30:00 GMT+0530 (India Standard Time),4605255176278407,JzMYg81202,AED,38510.79,Electrical engineer,Engineer drilling,[object Object],VAT,Unregistered Business,AI2b8G9u7g6l1s,Ajman,Dani Ltd,and Sons,VAT08954818,Seher Bajwa,United Arab Emirates,United Arab Emirates,United Arab Emirates,Miryalaguda,Ajman,859740,2704348652,3426106320,Anahita Krishna,United Arab Emirates,United Arab Emirates,United Arab Emirates,Durg,Ajman,750322,5378479805,8961884888,Iusto dolorem ab repellat cupiditate aspernatur.
Individual,Miss.,Ela,Keer,Hayer and Sons,Ishaan Sura,rattanishita@bumb.com,5671061278,912796734888,Fri Jul 08 1983 05:30:00 GMT+0530 (India Standard Time),4898959417042,EXAAD70195,AED,47906.42,Air cabin crew,Engineer manufacturing,[object Object],GST,Consumer,cT3f0Y1e1k0c6e,Abu Dhabi,Hegde Sawhney and Divan,Inc,VAT44529494,Keya Zacharia,United Arab Emirates,United Arab Emirates,United Arab Emirates,Lucknow,Abu Dhabi,62189,915511386797,911936546978,Pari Swamy,United Arab Emirates,United Arab Emirates,United Arab Emirates,Srikakulam,Abu Dhabi,127586,1239634874,9829488851,Alias soluta id.
Business,Miss.,Sahil,Swamy,Sahota Char and Thaker,Divyansh Sama,thegde@hotmail.com,912266649225,1812497587,Sat Jan 29 2000 05:30:00 GMT+0530 (India Standard Time),349158814942377,DjdhQ54265,INR,40703.93,Pharmacologist,Astronomer,[object Object],VAT,Overseas,oP7c1w2F7H1v0R,West Bengal,Joshi Inc,LLC,VAT73543947,Heer Jhaveri,India,India,India,Raiganj,West Bengal,551427,3333110583,917271874649,Amani Walia,India,India,India,Udaipur,West Bengal,364874,2282003510,4477554315,Sapiente similique aut temporibus laudantium.
Business,Miss.,Jayant,Deep,Saraf Group,Alisha Mander,oraj@bhatnagar-dhawan.com,917003771014,1140248219,Tue Jan 11 1994 05:30:00 GMT+0530 (India Standard Time),349631731866853,HQYUa12770,AED,8367.31,Translator,Herpetologist,[object Object],None,Registered Business,Un7G0W0T0u8V0p,Umm Al Quwain,Garde-Reddy,LLC,VAT06030034,Kartik Raja,United Arab Emirates,United Arab Emirates,United Arab Emirates,Mumbai,Umm Al Quwain,396506,841994186,2252917046,Hiran Toor,United Arab Emirates,United Arab Emirates,United Arab Emirates,Bhiwandi,Umm Al Quwain,463175,121957898,911490588989,Totam dolorem consequatur inventore.
Individual,Miss.,Mamooty,Suresh,Mahal and Sons,Mehul Sawhney,tushar92@yahoo.com,4437075879,910071675604,Wed Sep 15 1954 05:30:00 GMT+0530 (India Standard Time),3519845998260356,MdlOw20101,INR,5503.72,Chemical engineer,Illustrator,[object Object],GST,Overseas,YB5N1i8V8k9Q4l,Arunachal Pradesh,Barad-Gole,PLC,VAT92951224,Madhav Thaman,India,India,India,Rourkela,Arunachal Pradesh,982097,9939897880,917982646436,Nehmat Kar,India,India,India,Moradabad,Arunachal Pradesh,330727,46412647,9556933928,Atque aut iusto esse ab.
Business,Miss.,Abram,Ratta,Subramaniam Som and Dhawan,Anvi Zachariah,lavanya96@yahoo.com,9153454456,8463670031,Wed Jul 27 1955 05:30:00 GMT+0530 (India Standard Time),639097127422,abLvo17757,INR,12213.87,Chief of Staff,Counselling psychologist,[object Object],None,Registered Business,JW0w1y3Q2B5r4B,Nagaland,Aurora-Sahota,and Sons,VAT67468622,Gokul Bose,India,India,India,Surendranagar Dudhrej,Nagaland,150254,912393875018,918066098718,Samar Samra,India,India,India,Baranagar,Nagaland,240692,914245088423,911837205419,Soluta quod cumque asperiores reprehenderit vel.
Business,Miss.,Inaaya ,Shere,Balasubramanian Kala and Bhardwaj,Mehul Ravel,kanavgaba@kulkarni-seth.org,7798797751,912544411274,Tue Jan 28 1975 05:30:00 GMT+0530 (India Standard Time),371239424369473,NALro37798,AED,24898.39,Surveyor rural practice,Pharmacist community,[object Object],GST,Consumer,Sn8F8T4x2g4C1s,Ras Al Khaimah,Bakshi-Chauhan,LLC,VAT10722704,Lagan Mane,United Arab Emirates,United Arab Emirates,United Arab Emirates,Kochi,Ras Al Khaimah,135828,5891319432,6587482067,Samaira Dyal,United Arab Emirates,United Arab Emirates,United Arab Emirates,Malda,Ras Al Khaimah,93559,2908115932,915073620550,A maiores doloribus labore.
Business,Miss.,Umang,Baral,Bajaj-Sha,Aradhya Brahmbhatt,pkhurana@yahoo.com,3684456939,4775419306,Wed Feb 16 1983 05:30:00 GMT+0530 (India Standard Time),346948008354808,DrsXi73282,INR,30359.23,Meteorologist,Quality manager,[object Object],VAT,Consumer,pA3q6b2d1d7A4B,Arunachal Pradesh,Hora Bir and Maharaj,PLC,VAT45210374,Eva Boase,India,India,India,Jaunpur,Arunachal Pradesh,214694,1688038071,6753985647,Akarsh Ghosh,India,India,India,Kottayam,Arunachal Pradesh,450321,2584431686,822460417,Illum ullam officia similique magnam tempore ab.
Business,Miss.,Sahil,Vasa,Rama-Kulkarni,Kanav Tripathi,sahakanav@kant-bhatti.com,2960569108,6062761411,Tue Jul 10 1962 05:30:00 GMT+0530 (India Standard Time),213155820178841,Faibc09404,INR,15202.76,Designer industrial/product,Broadcast presenter,[object Object],None,Unregistered Business,tN8U7d9l9h6N0v,Bihar,Dar PLC,Inc,VAT04353940,Divij Sanghvi,India,India,India,Kadapa,Bihar,146447,919017660561,5775926033,Samaira Borra,India,India,India,Warangal,Bihar,854171,911321421512,913506748276,Ea placeat quo ratione in asperiores.
Individual,Miss.,Miraan,Sant,Anand-Hans,Aaryahi Badal,samarsant@dada.info,917458984858,7492900138,Mon Apr 03 1967 05:30:00 GMT+0530 (India Standard Time),4205941100525013,hVJlv52382,INR,16342.67,Games developer,Patent examiner,[object Object],None,Consumer,GG4r4w4S1c2p8k,Karnataka,Sen-Sathe,PLC,VAT43104957,Lakshay Hegde,India,India,India,Khandwa,Karnataka,6805,9166262908,1207230224,Lagan Bahri,India,India,India,Aizawl,Karnataka,540555,3582110671,4611793500,Dolore adipisci eius veniam delectus.
Individual,Miss.,Amira,Chowdhury,Krishnan LLC,Kanav Krishnamurthy,cheemayasmin@yahoo.com,5577507326,7284975812,Mon Jun 28 1976 05:30:00 GMT+0530 (India Standard Time),2422865516246362,JLAuV71405,INR,15894.19,Archivist,Tax adviser,[object Object],None,Registered Business,pq8x2X1z5s5o2i,Chhattisgarh,Bawa-Hegde,Inc,VAT69484921,Hiran Tella,India,India,India,Nandyal,Chhattisgarh,401030,6608743433,917497849299,Inaaya  Saha,India,India,India,Agartala,Chhattisgarh,920853,1843591593,919096118742,Delectus ratione hic. Ipsam quidem quam velit.
Individual,Miss.,Prisha,Shenoy,Divan LLC,Jayant Dixit,akarsh44@gmail.com,916464342929,913694355508,Mon Jan 29 1990 05:30:00 GMT+0530 (India Standard Time),4526263924137053,qUtti55558,AED,7732,Animator,Phytotherapist,[object Object],GST,Overseas,VG9f0l8t2O2n2m,Sharjah,Kari LLC,Inc,VAT39648665,Parinaaz Khosla,United Arab Emirates,United Arab Emirates,United Arab Emirates,North Dumdum,Sharjah,116346,4908957683,4810410549,Hazel Ravi,United Arab Emirates,United Arab Emirates,United Arab Emirates,Shahjahanpur,Sharjah,396040,915126304210,7247276210,Optio voluptatum ratione.
Business,Dr.,Navya,Deshmukh,Ganguly Inc,Jivin Gola,tanyasarma@bhardwaj-iyer.com,916982638767,8323697221,Mon Jun 06 1988 05:30:00 GMT+0530 (India Standard Time),3596660784703055,ZlzlP53537,INR,20378.11,Sports therapist,Child psychotherapist,[object Object],None,Registered Business,bE8w0e0E3H6G2z,Tamil Nadu,Kar Inc,and Sons,VAT52143292,Kartik Baria,India,India,India,Kolhapur,Tamil Nadu,872134,910253045746,6440271021,Anika Luthra,India,India,India,Anantapuram,Tamil Nadu,814045,6418358896,1217506325,Quibusdam cumque distinctio laudantium.
Business,Dr.,Tiya,Talwar,Badami-Sidhu,Purab Chopra,alia27@hotmail.com,8087685852,915765018951,Mon Jan 08 2001 05:30:00 GMT+0530 (India Standard Time),180058530935428,Ngyvi66062,AED,22128.28,Administrator charities/voluntary organisations,Visual merchandiser,[object Object],GST,Overseas,lk4O8W2N9r6R6P,Ajman,Balan Dube and Bala,Inc,VAT79246866,Arnav Guha,United Arab Emirates,United Arab Emirates,United Arab Emirates,Dehradun,Ajman,699967,919169520292,855769399,Krish Rau,United Arab Emirates,United Arab Emirates,United Arab Emirates,Pudukkottai,Ajman,581977,333538998,916796509481,Quasi quo harum qui soluta.
Individual,Dr.,Eva,Yadav,Lala-Jha,Romil Dalal,baliindranil@chad-bhargava.info,2322970030,911286228418,Wed Mar 17 1999 05:30:00 GMT+0530 (India Standard Time),4436593594262,RgMfv57791,AED,7623.18,Scientist biomedical,Police officer,[object Object],None,Consumer,FJ0E4N9v0t6O1F,Sharjah,Dugar Group,LLC,VAT23791544,Madhav Thaker,United Arab Emirates,United Arab Emirates,United Arab Emirates,Imphal,Sharjah,184532,3223689522,8135112705,Ira Rama,United Arab Emirates,United Arab Emirates,United Arab Emirates,Thane,Sharjah,328765,7252125046,6640705532,Sunt esse occaecati molestiae recusandae.
Individual,Dr.,Bhamini,Venkatesh,Iyer-Dua,Gatik Maharaj,atwalnishith@garg.com,914994841289,5945404017,Mon Aug 18 1975 05:30:00 GMT+0530 (India Standard Time),2262690425299820,PpkPr93206,AED,45186.73,Community pharmacist,Structural engineer,[object Object],None,Registered Business,rY0D4s4P9Y6x4v,Umm Al Quwain,Mangal Ltd,LLC,VAT08630199,Arhaan Brar,United Arab Emirates,United Arab Emirates,United Arab Emirates,Bijapur,Umm Al Quwain,633671,7067327783,939940654,Gokul Chandra,United Arab Emirates,United Arab Emirates,United Arab Emirates,Hosur,Umm Al Quwain,135557,653626031,910459156551,Reiciendis quos alias.
Business,Dr.,Vritika,Shroff,Walia-Sidhu,Purab Venkatesh,karpesumer@maharaj.com,9444335832,910620559667,Tue Jul 02 1963 05:30:00 GMT+0530 (India Standard Time),30093762108289,Hgjjk06882,INR,49018.36,Dancer,Psychologist sport and exercise,[object Object],VAT,Consumer,bO9X8b0o6M3f3A,Uttar Pradesh,Kara Srivastava and Chacko,Inc,VAT75010600,Eva Chokshi,India,India,India,Ajmer,Uttar Pradesh,53965,8374977390,1323814362,Vihaan Sundaram,India,India,India,Raichur,Uttar Pradesh,834351,916534821902,8676342703,Saepe ullam exercitationem dolorum.
Business,Dr.,Pari,Karpe,Kota-Ramakrishnan,Dhruv Karnik,tiyadalia@hotmail.com,911703483115,790697854,Thu Aug 18 1960 05:30:00 GMT+0530 (India Standard Time),180014064495776,lyRSF83455,INR,6685.68,Emergency planning/management officer,Dance movement psychotherapist,[object Object],GST,Unregistered Business,wy7S3K2d4W9h5g,Maharashtra,Virk-Gala,Inc,VAT04044536,Hrishita Konda,India,India,India,Bhind,Maharashtra,450549,9279386443,2069311657,Himmat Kamdar,India,India,India,Yamunanagar,Maharashtra,505123,4349418623,910481562472,Ab quasi soluta voluptates laudantium optio.
Individual,Dr.,Zeeshan,Kulkarni,Choudhury-Buch,Rohan Apte,hshah@jaggi.com,912721109682,917355490465,Sat Apr 21 1990 05:30:00 GMT+0530 (India Standard Time),3580444108433667,TKwpk45088,INR,27585.53,International aid/development worker,Academic librarian,[object Object],VAT,Unregistered Business,Cb5j3Z3f8W6R4A,Haryana,Bansal Raju and Bassi,PLC,VAT99433966,Yasmin Sangha,India,India,India,Bareilly,Haryana,814505,910703415954,913823942804,Ritvik Mani,India,India,India,Ambarnath,Haryana,696059,1932615945,5263879918,Amet laborum commodi ratione.
Individual,Dr.,Rhea,Baria,Savant Brar and Dyal,Gokul Sen,dishani30@dyal.com,913362685077,2167000564,Tue Mar 18 2003 05:30:00 GMT+0530 (India Standard Time),3572968740098967,LXawi24810,INR,28883.98,Geologist engineering,Conservator museum/gallery,[object Object],GST,Overseas,jX0d1q6b6K2d4x,Nagaland,Doctor-Ratta,PLC,VAT71722396,Darshit Yohannan,India,India,India,Shahjahanpur,Nagaland,717018,3258121955,915487065090,Aayush Rajagopalan,India,India,India,Kishanganj,Nagaland,818041,1076222059,910948518373,Enim maiores consequuntur placeat.
Individual,Dr.,Shamik,Rama,Dutt Inc,Jayan Sankaran,indranilmannan@gmail.com,1751400192,5777306945,Sat Nov 16 1963 05:30:00 GMT+0530 (India Standard Time),180042427277508,wPoeb21841,AED,23913.94,Historic buildings inspector/conservation officer,Horticultural therapist,[object Object],VAT,Overseas,ow9g4U0x2A1a0H,Umm Al Quwain,Karan Saxena and Dar,and Sons,VAT76976487,Hrishita Bhatti,United Arab Emirates,United Arab Emirates,United Arab Emirates,Pondicherry,Umm Al Quwain,288609,5082214868,894024351,Ira Dyal,United Arab Emirates,United Arab Emirates,United Arab Emirates,Surendranagar Dudhrej,Umm Al Quwain,495863,9909692035,9764461443,Corporis magni veritatis culpa et.
Individual,Dr.,Sahil,Tank,Rout Upadhyay and Gandhi,Dishani Chandra,sanichirag@sampath-dasgupta.org,913251459324,6547830442,Mon Mar 05 1973 05:30:00 GMT+0530 (India Standard Time),2395788949344849,sqZlu97077,INR,20175.79,Barista,Dealer,[object Object],VAT,Unregistered Business,iQ7E0s7e7Q4G6x,Tripura,Grover-Aggarwal,Inc,VAT99069821,Tanya Dubey,India,India,India,Nagaon,Tripura,727242,4743718547,5368595609,Prisha Jani,India,India,India,Hindupur,Tripura,842636,973423457,5743871120,Cupiditate aliquid cupiditate ratione at.
Business,Dr.,Anaya,Thaman,De LLC,Biju Bera,ranbirchatterjee@yahoo.com,8647258084,382310300,Mon Sep 18 1972 05:30:00 GMT+0530 (India Standard Time),4631214900383191000,HJzuc53633,AED,16080.65,Community pharmacist,Orthoptist,[object Object],VAT,Unregistered Business,hp4h6Q3Z7e7x9v,Dubai,Rama-Bajaj,PLC,VAT15448399,Aarna Joshi,United Arab Emirates,United Arab Emirates,United Arab Emirates,Raichur,Dubai,135473,910789870826,4810481471,Advika Gill,United Arab Emirates,United Arab Emirates,United Arab Emirates,Orai,Dubai,862176,2227352922,5026521470,Blanditiis inventore nesciunt nam dolor.
Individual,Dr.,Samar,Bawa,Sura Seth and Venkatesh,Tarini Halder,ctandon@kapadia.net,913394087553,3104195838,Mon Jan 02 1989 05:30:00 GMT+0530 (India Standard Time),503806529577,VHPon53814,INR,14638.17,Forensic psychologist,English as a foreign language teacher,[object Object],GST,Unregistered Business,jh4E5Y1u3b5B5d,Karnataka,Sheth and Sons,and Sons,VAT44826833,Krish Rao,India,India,India,Indore,Karnataka,900857,913241221569,5342779581,Shanaya Hora,India,India,India,Pondicherry,Karnataka,555175,914905842870,916039445956,Tempora doloribus neque sint iste.
Business,Dr.,Shamik,Agrawal,Toor Bail and Bhardwaj,Nehmat Mammen,royojas@sundaram-sant.info,3904907016,910582624386,Wed Nov 13 1957 05:30:00 GMT+0530 (India Standard Time),4003222983810279000,UcZQx44285,AED,11952.89,Web designer,Public affairs consultant,[object Object],GST,Consumer,Rt0v9Y0X8s1i3d,Umm Al Quwain,Trivedi-Hegde,and Sons,VAT65699725,Kabir Mand,United Arab Emirates,United Arab Emirates,United Arab Emirates,Solapur,Umm Al Quwain,58286,916328637258,6999907912,Advika Bakshi,United Arab Emirates,United Arab Emirates,United Arab Emirates,Saharanpur,Umm Al Quwain,500430,1473718084,913864156639,Tempore quas quibusdam.
Individual,Dr.,Armaan,Sood,Wable PLC,Kaira Mann,qvarma@kibe.info,2514162796,1607856554,Sun Sep 07 1997 05:30:00 GMT+0530 (India Standard Time),4407197292225237,YUoyQ83600,AED,48447.01,Engineer control and instrumentation,Commissioning editor,[object Object],None,Registered Business,Cl5v8T6D1X5m6T,Ajman,Chawla-Dash,LLC,VAT02469952,Shlok Kulkarni,United Arab Emirates,United Arab Emirates,United Arab Emirates,Jaunpur,Ajman,317927,2447472739,2189688505,Vivaan Sampath,United Arab Emirates,United Arab Emirates,United Arab Emirates,Bhilai,Ajman,114854,2408929107,9474813521,Quae reprehenderit omnis consectetur.
Business,Dr.,Shaan,Chhabra,Dora PLC,Mishti Krishnamurthy,kartik83@biswas-mammen.biz,4607165589,912583963155,Fri Jul 12 1968 05:30:00 GMT+0530 (India Standard Time),3595309729518761,tfbkj57579,AED,6484.9,Sub,Radiation protection practitioner,[object Object],GST,Overseas,yQ4Z8J9H7s2j6A,Abu Dhabi,Ganguly Deshpande and Batta,Inc,VAT54580544,Anahita Lala,United Arab Emirates,United Arab Emirates,United Arab Emirates,Phagwara,Abu Dhabi,514638,914958931817,1699881315,Neysa Krishnan,United Arab Emirates,United Arab Emirates,United Arab Emirates,Raipur,Abu Dhabi,463677,914637673173,4496966835,Impedit illum minima dolorem porro.
Business,Dr.,Shaan,Chowdhury,Grewal Doshi and Hans,Hridaan Sura,handaanika@gmail.com,7739060056,4164249844,Thu Dec 19 1996 05:30:00 GMT+0530 (India Standard Time),30098997536295,igZiU78456,INR,36331.75,Psychologist educational,Medical technical officer,[object Object],None,Registered Business,IF8G7r8s2n7X3x,Chhattisgarh,Rao LLC,Group,VAT25784093,Adira Ramesh,India,India,India,Gulbarga,Chhattisgarh,770909,3641020870,913867914801,Ishita Tella,India,India,India,Kolkata,Chhattisgarh,931133,913675483357,916291813540,Repudiandae rerum tenetur id totam ut harum.
Business,Dr.,Emir,Ahuja,Sandhu PLC,Ahana  Kalita,vritika76@sridhar.com,962875105,5105261038,Wed Sep 16 1964 05:30:00 GMT+0530 (India Standard Time),4979783017321,YKxID99445,INR,31685.63,Scientist research (maths),Retail banker,[object Object],GST,Registered Business,ud8g0c4J1K4W1N,Rajasthan,Jain Inc,PLC,VAT38596143,Farhan Zacharia,India,India,India,Nandyal,Rajasthan,260280,7385888525,3145125874,Nehmat Sur,India,India,India,Gangtok,Rajasthan,872655,1068800151,2554934094,Corporis iure vitae doloremque eaque.
Business,Dr.,Nayantara,Vora,Golla Chakraborty and Baral,Riaan Sampath,aaryahi97@yahoo.com,2939832627,5970776042,Mon Oct 18 1954 05:30:00 GMT+0530 (India Standard Time),38028527772328,YKrhT12608,AED,12107.28,Scientist clinical (histocompatibility and immunogenetics),Musician,[object Object],GST,Consumer,Uo3l8x4z3q4Y9F,Ajman,Dave-Chakrabarti,Group,VAT34735609,Hunar Yohannan,United Arab Emirates,United Arab Emirates,United Arab Emirates,Aurangabad,Ajman,298309,2945674537,910267485877,Nirvi Ramesh,United Arab Emirates,United Arab Emirates,United Arab Emirates,Rajpur Sonarpur,Ajman,845627,918161146375,4561889068,Error fugiat ex quasi. Ut sequi velit occaecati.
Business,Dr.,Alisha,Bahl,Handa Mammen and Arora,Mishti Sinha,troy@gokhale-sundaram.info,914062327126,9442131238,Tue Jun 11 1968 05:30:00 GMT+0530 (India Standard Time),3533455121284356,aJOjV62877,INR,24168.8,Public relations officer,Teacher adult education,[object Object],VAT,Overseas,aL5q5x7e9q2p7m,West Bengal,Tella Inc,PLC,VAT24269448,Drishya Mangal,India,India,India,Vellore,West Bengal,15269,1989111810,910557891229,Ishaan Sharaf,India,India,India,Adoni,West Bengal,706853,2751042548,6589608503,Laboriosam maiores possimus eveniet sit ut.
Business,Dr.,Yuvraj ,Chopra,Din Sani and Bera,Tara Datta,ysundaram@sani-barman.com,913492845851,7581486534,Thu Apr 09 1981 05:30:00 GMT+0530 (India Standard Time),3520406075899934,nmadC35427,AED,25539.79,Camera operator,Civil engineer consulting,[object Object],None,Consumer,hI6j7t5d0y1S4D,Fujairah,Wali Tiwari and Date,Ltd,VAT90129614,Yasmin Sahni,United Arab Emirates,United Arab Emirates,United Arab Emirates,Dehri,Fujairah,641752,4519889458,6428807961,Jhanvi Mand,United Arab Emirates,United Arab Emirates,United Arab Emirates,Serampore,Fujairah,402904,2098999922,6235543402,Quasi blanditiis voluptatibus natus vero.
Business,Dr.,Keya,Kothari,Raju PLC,Lagan Raja,mrajan@divan.info,911053786579,5373659714,Fri Mar 19 1976 05:30:00 GMT+0530 (India Standard Time),4610738319468,QLdaw15112,INR,12759.53,Research scientist (maths),Publishing rights manager,[object Object],VAT,Consumer,XP5K0h8D5P8h9V,Maharashtra,Sood Raj and Vig,Group,VAT33223242,Reyansh Sama,India,India,India,Dehri,Maharashtra,700266,9865012013,919382443496,Kaira Sundaram,India,India,India,Ludhiana,Maharashtra,70862,917209540364,9452403922,Ut occaecati tenetur.
Individual,Dr.,Tushar,Bir,Dass Gaba and Din,Indranil Dubey,hlall@yahoo.com,8437850779,2912745821,Wed Dec 14 1977 05:30:00 GMT+0530 (India Standard Time),2245443005489177,HdJej76351,INR,11275.25,Nurse adult,Contractor,[object Object],VAT,Registered Business,ob8z7E3Z0G4m7m,Telangana,Kanda and Sons,Ltd,VAT18481564,Mamooty Seth,India,India,India,South Dumdum,Telangana,297638,913373341032,914243694956,Oorja Sastry,India,India,India,Bihar Sharif,Telangana,346991,8919884511,912719724704,Ut eius nam quasi ratione cupiditate ex.
Business,Dr.,Mahika,Badami,Sachdev-Sankar,Hunar Dugar,fkarnik@ahluwalia-wali.com,3767715681,1856511614,Sat Nov 06 1999 05:30:00 GMT+0530 (India Standard Time),4611847521969727000,TKUAf08573,AED,46591.59,Phytotherapist,Metallurgist,[object Object],None,Unregistered Business,On5g6t1S1F9u4q,Abu Dhabi,Shah Gade and Kalita,Group,VAT88539012,Aniruddh Ramanathan,United Arab Emirates,United Arab Emirates,United Arab Emirates,Phusro,Abu Dhabi,124503,8812024563,9974311191,Faiyaz Borra,United Arab Emirates,United Arab Emirates,United Arab Emirates,Berhampore,Abu Dhabi,261617,146497862,3921289568,Porro corrupti vel.
Business,Dr.,Pihu,Batta,Dua-Sandal,Devansh D’Alia,tanya75@gmail.com,434588922,1886285750,Wed Jan 03 1962 05:30:00 GMT+0530 (India Standard Time),4488272217992408000,EFvHr70877,INR,32348.52,Animal nutritionist,Health and safety inspector,[object Object],None,Consumer,fE3X8b6e6T4O7q,Tripura,Lall Group,Inc,VAT18990990,Anvi Rana,India,India,India,Guna,Tripura,901020,915730265391,919411400165,Nirvaan Khare,India,India,India,Machilipatnam,Tripura,286879,2610634391,53694277,Eligendi cum beatae repellat voluptas.
Business,Dr.,Badal,Iyer,Batra-Yohannan,Riya Devi,zara58@yahoo.com,3637560813,919244205804,Sun Aug 29 1999 05:30:00 GMT+0530 (India Standard Time),341187466173088,JEQxQ05013,INR,11496.8,Product manager,Engineer electronics,[object Object],VAT,Unregistered Business,xJ1y7k2L5X8x0w,West Bengal,Johal Buch and Mani,Ltd,VAT75593423,Kimaya Borde,India,India,India,Ahmedabad,West Bengal,586262,9669359232,4609747907,Rasha Sandal,India,India,India,Anand,West Bengal,58729,4601455597,917174067960,Corrupti repellat enim eligendi occaecati sit.
Business,Dr.,Hridaan,Kumar,Viswanathan Manne and Sankaran,Zara Som,ochaudhuri@gmail.com,1335099548,6076270380,Thu Mar 13 1997 05:30:00 GMT+0530 (India Standard Time),4247306787355334,tnrTL87008,INR,45136.71,Learning disability nurse,Pilot airline,[object Object],VAT,Unregistered Business,Tf1t0T0D4J4k8q,Punjab,Dube-Dewan,PLC,VAT97421803,Veer Bera,India,India,India,Pune,Punjab,21370,914993114769,7090392491,Sahil Zacharia,India,India,India,Gopalpur,Punjab,876173,917088929693,6261185816,Omnis quibusdam accusantium temporibus.
Business,Dr.,Azad,Das,Jha Sundaram and Gour,Neysa Ghose,kabir27@gmail.com,915688376315,2675226965,Sun Jun 05 1955 05:30:00 GMT+0530 (India Standard Time),3591130381903826,TDMPw78719,INR,16225.61,Surveyor mining,Health promotion specialist,[object Object],VAT,Consumer,lb4q3L9p9W3i6o,Uttar Pradesh,Bala and Sons,and Sons,VAT64308159,Indrajit Kannan,India,India,India,Nizamabad,Uttar Pradesh,890060,5471551145,5499499247,Ranbir Sehgal,India,India,India,Imphal,Uttar Pradesh,264301,3607296101,7567434496,Commodi quisquam quidem eveniet qui tempore.
Individual,Dr.,Vritika,Sanghvi,Walia Yadav and Sheth,Badal Setty,nayantarasem@hotmail.com,3266839781,336871049,Tue Feb 25 2003 05:30:00 GMT+0530 (India Standard Time),30172328545588,qpDoU08142,AED,13219.93,Museum education officer,Print production planner,[object Object],VAT,Unregistered Business,Cr0t6R3Y3m0S5Z,Abu Dhabi,Bhavsar Issac and Madan,Ltd,VAT46257285,Samaira Soman,United Arab Emirates,United Arab Emirates,United Arab Emirates,Morena,Abu Dhabi,999852,4736674029,910790547761,Eva Kala,United Arab Emirates,United Arab Emirates,United Arab Emirates,Akola,Abu Dhabi,837835,6602641288,8914627437,Accusantium ut occaecati hic ipsum.
Business,Dr.,Aaryahi,Kalla,Ganguly-Gokhale,Uthkarsh Barad,jayansrivastava@dewan.org,912602247124,6813074108,Wed Jan 22 1986 05:30:00 GMT+0530 (India Standard Time),6585121610057733,JXmmQ26291,AED,47831.34,Ophthalmologist,Primary school teacher,[object Object],None,Registered Business,Xa7E9R8S8p2I8w,Ras Al Khaimah,Bora Buch and Kumar,LLC,VAT58408265,Kavya Kashyap,United Arab Emirates,United Arab Emirates,United Arab Emirates,Warangal,Ras Al Khaimah,605533,5799800508,916382367447,Amani Vohra,United Arab Emirates,United Arab Emirates,United Arab Emirates,Nashik,Ras Al Khaimah,277100,3328408341,4215305306,Consequuntur est aliquam aspernatur qui magni.
Individual,Dr.,Mishti,Gola,Chadha-Barad,Hrishita Choudhury,baraljhanvi@hotmail.com,919346456113,6844210353,Sun Jul 05 1987 05:30:00 GMT+0530 (India Standard Time),3515061579106455,PTbqu62550,AED,46433.04,Holiday representative,Surveyor building,[object Object],None,Overseas,xc4q7W9t2E7u2y,Ajman,Roy Koshy and Sama,PLC,VAT21484801,Nirvaan Virk,United Arab Emirates,United Arab Emirates,United Arab Emirates,Aligarh,Ajman,892762,5880846780,915713333862,Drishya Barad,United Arab Emirates,United Arab Emirates,United Arab Emirates,Rampur,Ajman,348941,6457544108,7697140674,Est fuga quasi dolore sunt.
Business,Dr.,Samarth,Loke,Ganesh Shan and Chaudhuri,Mannat Krish,olall@yahoo.com,6170693189,918243850949,Wed Jun 30 1954 05:30:00 GMT+0530 (India Standard Time),4340511588833872000,ktoQd10623,AED,15018,Risk analyst,Logistics and distribution manager,[object Object],GST,Overseas,Oa6h6s9B0O9I9R,Dubai,Malhotra Jaggi and Uppal,Ltd,VAT67209133,Samiha Sabharwal,United Arab Emirates,United Arab Emirates,United Arab Emirates,Pali,Dubai,687759,917073369596,913239315392,Kiaan Desai,United Arab Emirates,United Arab Emirates,United Arab Emirates,Korba,Dubai,90017,2448265353,1205264777,Repudiandae eius recusandae repellat debitis.
Individual,Dr.,Ranbir,Bhatti,Subramaniam Hayre and Wason,Anahita Thakkar,ritvikbuch@vasa-tara.org,8927243565,5836479350,Wed May 24 2006 05:30:00 GMT+0530 (India Standard Time),213195448574625,OeWDU23439,AED,47469.29,Conference centre manager,Sports administrator,[object Object],None,Unregistered Business,mG0z1s9k9Q7g3f,Umm Al Quwain,Bhatti Group,and Sons,VAT36654730,Shaan Chakraborty,United Arab Emirates,United Arab Emirates,United Arab Emirates,Kurnool,Umm Al Quwain,707846,9522012559,915705584025,Purab Goel,United Arab Emirates,United Arab Emirates,United Arab Emirates,Rajkot,Umm Al Quwain,225451,912218689686,915076382171,Totam impedit accusantium.
Business,Dr.,Arnav,Dube,Madan Sarkar and Bhagat,Devansh Shankar,sana30@hotmail.com,915001120881,122945262,Tue Jul 13 1965 05:30:00 GMT+0530 (India Standard Time),344373773215377,MpYiv24325,INR,31792.11,Site engineer,Surveyor planning and development,[object Object],GST,Unregistered Business,Ao5k0c9b6R4v7Z,Tamil Nadu,Edwin-Rajagopalan,Ltd,VAT74950507,Manikya Mall,India,India,India,Dewas,Tamil Nadu,104526,918895479066,1399891701,Rati Khosla,India,India,India,Tirunelveli,Tamil Nadu,903854,2648258561,8260872386,Aut numquam eaque.
Business,Dr.,Azad,Kakar,Chauhan and Sons,Heer Gade,priyansh15@mammen-doctor.com,915606243872,916321584651,Thu Jul 17 1975 05:30:00 GMT+0530 (India Standard Time),6523834161401804,ZKcME48792,INR,4686.46,Prison officer,Furniture designer,[object Object],GST,Registered Business,OV2G1X8g2M1C4k,Odisha,Rau-Badal,Group,VAT11273352,Gatik Madan,India,India,India,Bally,Odisha,750858,5818672724,9566867160,Oorja Bassi,India,India,India,Silchar,Odisha,132618,910502063538,1564232806,Laborum laboriosam rem soluta ipsum.
Business,Dr.,Aarav,Cherian,Rattan Inc,Hridaan Walla,chaudharigokul@yahoo.com,5339675308,916297742207,Thu Aug 09 1962 05:30:00 GMT+0530 (India Standard Time),6011043017021035,rxnFq48518,INR,25021.96,Charity fundraiser,Copywriter advertising,[object Object],None,Overseas,ab0d3o4b3D3Q2H,Uttar Pradesh,Baral-Gour,and Sons,VAT63827790,Pihu Solanki,India,India,India,Indore,Uttar Pradesh,952980,2848953744,5499893915,Kabir Dhaliwal,India,India,India,Berhampur,Uttar Pradesh,511715,6854275592,781933387,Excepturi ut praesentium vel alias.
Business,Dr.,Priyansh,Hayer,Goda Subramaniam and Bakshi,Azad Sundaram,divyanshgala@yahoo.com,914320773883,2136475367,Mon Jun 03 1957 05:30:00 GMT+0530 (India Standard Time),6011322238639043,zIZyv24689,INR,41005.25,Barrister,Fine artist,[object Object],VAT,Registered Business,Ux3A5H9i5C0V1k,Odisha,Goyal Inc,Inc,VAT44636417,Samaira Iyengar,India,India,India,Korba,Odisha,932247,8424705391,556172344,Advika Ghose,India,India,India,Bhiwandi,Odisha,343916,913939151978,1776961173,Ex repudiandae itaque atque.
Individual,Dr.,Tanya,Deep,Swamy PLC,Samar Badal,myadav@mandal.org,7894255142,910021760520,Sat Aug 17 1985 05:30:00 GMT+0530 (India Standard Time),4412586495872377000,TNGaM49652,INR,12979,Engineer control and instrumentation,Administrator,[object Object],VAT,Unregistered Business,cm7E3i0G6z3m2l,Tamil Nadu,Gill-Barad,Ltd,VAT12483613,Drishya Khare,India,India,India,Hindupur,Tamil Nadu,913341,5330950109,4279548593,Jiya Jani,India,India,India,Allahabad,Tamil Nadu,318940,6841537323,914659454039,Ipsam harum ad blanditiis culpa.
Business,Dr.,Diya,Jhaveri,Karnik LLC,Zain Kar,gillkrish@kumar.com,9554401751,919943660243,Tue Dec 27 1994 05:30:00 GMT+0530 (India Standard Time),3531611174328365,aGoET79964,AED,39215.46,Psychotherapist,Production assistant television,[object Object],VAT,Unregistered Business,TO2v0Q3H6Y3U8g,Dubai,Verma LLC,and Sons,VAT25763766,Dhanush Boase,United Arab Emirates,United Arab Emirates,United Arab Emirates,Naihati,Dubai,251188,5372291454,5755966102,Tejas Lad,United Arab Emirates,United Arab Emirates,United Arab Emirates,Tirupati,Dubai,56754,5127562517,917161426413,Similique ex veritatis nisi.
Individual,Dr.,Aradhya,Jani,Singh-Varty,Onkar Behl,dugardamini@datta-mane.com,2436476197,5399348330,Thu Feb 11 1954 05:30:00 GMT+0530 (India Standard Time),6582686444914955,rOqwo85352,AED,20738.01,Food technologist,Production assistant television,[object Object],VAT,Overseas,DE1C7U8G4U9U0y,Abu Dhabi,Malhotra Bajaj and Rout,Inc,VAT89695835,Aarush Sood,United Arab Emirates,United Arab Emirates,United Arab Emirates,Thoothukudi,Abu Dhabi,768054,916830888886,917864808669,Nehmat Rattan,United Arab Emirates,United Arab Emirates,United Arab Emirates,Bellary,Abu Dhabi,235806,917011295316,913404827361,Alias minima consequuntur enim quae magni non.